student_id,first_name,last_name,email,course,year_level
23-BSN-1001,Layla,Phillips,layla.phillips1001@example.com,BSN,3
23-BSN-1002,Julian,Ortiz,julian.ortiz1002@example.com,BSN,3
23-BSN-1003,Zoey,Campbell,zoey.campbell1003@example.com,BSN,2
23-BSN-1004,Eleanor,Sanchez,eleanor.sanchez1004@example.com,BSN,1
23-BSN-1005,Jackson,Cook,jackson.cook1005@example.com,BSN,2
23-BSN-1006,Jack,Hernandez,jack.hernandez1006@example.com,BSN,1
23-BSN-1007,Evelyn,Brown,evelyn.brown1007@example.com,BSN,1
23-BSN-1008,Theodore,Morales,theodore.morales1008@example.com,BSN,4
23-BSN-1009,James,Ramirez,james.ramirez1009@example.com,BSN,1
23-BSN-1010,Grace,Scott,grace.scott1010@example.com,BSN,2
23-BSN-1011,Olivia,Bennett,olivia.bennett1011@example.com,BSN,1
23-BSN-1012,Liam,Reed,liam.reed1012@example.com,BSN,2
23-BSN-1013,Amelia,Foster,amelia.foster1013@example.com,BSN,3
23-BSN-1014,Noah,Perry,noah.perry1014@example.com,BSN,4
23-BSN-1015,Ava,Mitchell,ava.mitchell1015@example.com,BSN,2
23-BSN-1016,William,Turner,william.turner1016@example.com,BSN,1
23-BSN-1017,Isabella,Collins,isabella.collins1017@example.com,BSN,3
23-BSN-1018,Henry,Stewart,henry.stewart1018@example.com,BSN,2
23-BSN-1019,Sophia,Morris,sophia.morris1019@example.com,BSN,4
23-BSN-1020,Benjamin,Rogers,benjamin.rogers1020@example.com,BSN,1
23-BSN-1021,Mia,Morgan,mia.morgan1021@example.com,BSN,2
23-BSN-1022,Lucas,Bell,lucas.bell1022@example.com,BSN,3
23-BSN-1023,Charlotte,Murphy,charlotte.murphy1023@example.com,BSN,1
23-BSN-1024,Elijah,Bailey,elijah.bailey1024@example.com,BSN,4
23-BSN-1025,Harper,Rivera,harper.rivera1025@example.com,BSN,2
23-BSN-1026,Alexander,Cooper,alexander.cooper1026@example.com,BSN,3
23-BSN-1027,Evelyn,Richardson,evelyn.richardson1027@example.com,BSN,1
23-BSN-1028,Daniel,Cox,daniel.cox1028@example.com,BSN,2
23-BSN-1029,Abigail,Howard,abigail.howard1029@example.com,BSN,4
23-BSN-1030,Michael,Ward,michael.ward1030@example.com,BSN,3
23-BSN-1031,Emily,Torres,emily.torres1031@example.com,BSN,1
23-BSN-1032,Matthew,Peterson,matthew.peterson1032@example.com,BSN,2
23-BSN-1033,Elizabeth,Gray,elizabeth.gray1033@example.com,BSN,3
23-BSN-1034,Samuel,Ramirez,samuel.ramirez1034@example.com,BSN,4
23-BSN-1035,Ella,James,ella.james1035@example.com,BSN,1
23-BSN-1036,David,Watson,david.watson1036@example.com,BSN,2
23-BSN-1037,Scarlett,Brooks,scarlett.brooks1037@example.com,BSN,3
23-BSN-1038,Joseph,Kelly,joseph.kelly1038@example.com,BSN,1
23-BSN-1039,Victoria,Sanders,victoria.sanders1039@example.com,BSN,4
23-BSN-1040,Carter,Price,carter.price1040@example.com,BSN,2
23-BSN-1041,Aria,Bennett,aria.bennett1041@example.com,BSN,1
23-BSN-1042,Owen,Wood,owen.wood1042@example.com,BSN,3
23-BSN-1043,Chloe,Barnes,chloe.barnes1043@example.com,BSN,2
23-BSN-1044,Wyatt,Ross,wyatt.ross1044@example.com,BSN,4
23-BSN-1045,Lily,Henderson,lily.henderson1045@example.com,BSN,1
23-BSN-1046,John,Coleman,john.coleman1046@example.com,BSN,2
23-BSN-1047,Grace,Jenkins,grace.jenkins1047@example.com,BSN,3
23-BSN-1048,Luke,Patterson,luke.patterson1048@example.com,BSN,1
23-BSN-1049,Nora,Hughes,nora.hughes1049@example.com,BSN,4
23-BSN-1050,Jack,Bryant,jack.bryant1050@example.com,BSN,2
23-BSN-1051,Riley,Alexander,riley.alexander1051@example.com,BSN,3
23-BSN-1052,Isaac,Russell,isaac.russell1052@example.com,BSN,1
23-BSN-1053,Hannah,Griffin,hannah.griffin1053@example.com,BSN,2
23-BSN-1054,Leo,Diaz,leo.diaz1054@example.com,BSN,4
23-BSN-1055,Lillian,Hayes,lillian.hayes1055@example.com,BSN,3
23-BSN-1056,Mason,Myers,mason.myers1056@example.com,BSN,1
23-BSN-1057,Zoey,Ford,zoey.ford1057@example.com,BSN,2
23-BSN-1058,Anthony,Hamilton,anthony.hamilton1058@example.com,BSN,3
23-BSN-1059,Stella,Graham,stella.graham1059@example.com,BSN,4
23-BSN-1060,Christopher,Sullivan,christopher.sullivan1060@example.com,BSN,1
23-BSN-1061,Lucy,Wallace,lucy.wallace1061@example.com,BSN,2
23-BSN-1062,Andrew,Woods,andrew.woods1062@example.com,BSN,3
23-BSN-1063,Audrey,Cole,audrey.cole1063@example.com,BSN,1
23-BSN-1064,Joshua,West,joshua.west1064@example.com,BSN,4
23-BSN-1065,Claire,Jordan,claire.jordan1065@example.com,BSN,2
23-BSN-1066,Nathan,Owens,nathan.owens1066@example.com,BSN,3
23-BSN-1067,Savannah,Reynolds,savannah.reynolds1067@example.com,BSN,1
23-BSN-1068,Thomas,Fisher,thomas.fisher1068@example.com,BSN,2
23-BSN-1069,Anna,Ellis,anna.ellis1069@example.com,BSN,4
23-BSN-1070,Charles,Harrison,charles.harrison1070@example.com,BSN,3
